sequence,label
AAAGAVVGGL,0
ADAVACAKRV,0
AESDKKEEEK,0
AFASFQIYAV,1
AGYQQQYNPQ,0
ATKKVGTKPA,0
CAKRVVRDPQ,0
CLAKWESGYN,0
CNDGKTPGAV,0
CPLMVKVLDA,1
DIQKVAGTWY,1
DKKEEEKSAE,0
DLLKNGERIE,0
DLSFSKDWSF,1
DVKVGDIVIF,1
DVRQYVQGCG,0
EDRYYRENMH,0
EEEKSAETKE,0
EEKPVQTEEK,0
EEPVKKEEKP,0
EKSELPKVED,0
ELKPLAQSHA,0
ELLNAPGETY,0
ELPKVEDLKI,0
ENFTETDVKM,0
EPTKEPTKVE,0
EQMCITQYER,0
ESGYNTRATN,0
ESQAYYQRGS,0
ETKEPTKEPT,0
FGSDYEDRYY,0
GERIEKVEHS,0
GGKDWWKVGG,0
GGYMLGSAMS,0
GGYYQNYQGY,1
GIFQINSRYW,0
GIKLANATKK,0
GIRAWVAWRN,0
GNNQQNYQQY,1
GSAMSRPIIH,0
GTDFKYKGKL,0
GYLTVAAVFR,1
HMAGAAAAGA,0
HPAENGKSNF,0
HSQWNKPSKP,0
ILLISFLIFL,1
IVAGVNYFLD,1
KDWSFYLLYY,1
KEPTKVEEPV,0
KLVSSSGIKL,0
KNNAGFPHNV,0
KPKKTLKLVS,0
KPSKPKTNMK,0
KSAETKEPTK,0
KTEEKSELPK,0
KTLKLVSSSG,0
KTNMKHMAGA,0
KVEHSDLSFS,0
KVGTKPAESD,0
KYLLFCMENS,1
LANATKKVGT,0
LANWMCLAKW,1
LGMDGYRGIS,0
LNCYVSGFHP,0
LQDNIADAVA,0
MDEYSNQNNF,0
MERVVEQMCI,0
NACHLSCSAL,0
NDFQKQQKQA,1
NFNYNNNLQG,1
NHVTLSQPKI,0
NITIKQHTVT,0
NLQGYQAGFQ,1
NQNNFVHDCV,0
NSRYWCNDGK,0
PDAGYQQQYN,1
PGGGKVYKPV,0
PQGGRGNYKN,1
PQGGYQQQFN,1
PVQTEEKTEE,0
QGGGTHSQWN,0
QGGYQQYNPQ,0
QHTVTTTTKG,0
QQQYNPQGGY,0
QVYSRHPAEN,0
RCELARTLKR,1
RCQNRDVRQY,0
RENMHRYPNQ,0
RLANFLVHSS,1
RSTDYGIFQI,0
RTLKRLGMDG,0
RTPKIQVYSR,0
RYPNQVYYRP,0
RYQGYQAYNA,1
SCSALLQDNI,0
SDIEVDLLKN,0
SEFSVPSGEK,0
SGFHPSDIEV,0
SLVFVPSEFS,0
SMVLFSSPPV,1
SNNFGAILSS,1
SSPPVILLIS,1
SSSGIKLANA,0
SSTSAASSNY,1
TDVKMMERVV,0
TEEKTEEKSE,0
TEFTPTEKDE,1
TEKDEYACRV,0
TKPAESDKKE,0
TKVEEPVKKE,0
TPGAVNACHL,0
TQYERESQAY,0
TRATNYNAGD,0
TTTKGENFTE,0
VAWRNRCQNR,0
VHDCVNITIK,1
VKKEEKPVQT,0
VRDPQGIRAW,0
VVGGLGGYML,0
VYYRPMDEYS,0
YACRVNHVTL,0
YLLYYTEFTP,1
YNAGDRSTDY,0
YNNNLQGYQA,1
YNPQGGYQQQ,0
YNPQGGYQQY,0
YQNYQGYSGY,1
YQQGGYQQYN,1
YQQYNPQGGY,0
YQRGSSMVLF,0
YRGISLANWM,0
YSGYQQGGYQ,1
YSQNGNQQQG,1
