Sequence,label
AEVSIVV,1
AIAAIVF,1
ANQNNFV,1
ATKHKIP,0
CQVNIGN,1
DAQAIAL,1
DFVIFLD,1
EFQEICA,1
FNGLIVV,1
GILNIVV,1
GLINIAT,1
GLSAPVD,0
GNNQQNY,1
GQVIWVN,1
GTYSFYT,1
GVVAIGC,1
IFKINVK,1
IIHFGSD,1
KLVFFAE,1
KLVFFAK,1
KMVLYTL,1
KNFNYNI,1
KNNQKNY,1
LASLIYR,1
LKQALKL,1
LVEALYL,1
MIHFGND,1
MMHFGND,1
MPEEELL,0
NAPGETY,0
NFLVHSS,1
NHVTLSQ,1
NLSLFDQ,1
QKLVFFA,0
QQEVINK,1
RLVFFAK,1
RLVFFAR,1
SLLNIVV,1
TAFTILA,1
TEAEMKA,0
TGVTAVA,1
TLSIYQY,1
TVIAFLA,1
VGDIVIF,1
VKTGVTK,0
VQIVYKK,1
VQQNYQA,1
VVKGVTK,1
VVTGVTA,1
YGNLISL,1
AFGAILSS,1
AGAAAAGA,1
ANYCNFV ,1
CQVNIGNR,1
DAAKYSEV,0
DLSFMKGE,1
FLIFLIVG,1
FQVNIGNR,1
GETYVVTL,1
GKVQIVYK,1
GQVEVSKE,0
IQVNIGNR,1
KGAIIGLM,1
KGGIIGLM,1
KGIIIGLM,1
KIVFKNNA,0
KKGHHEAE,0
LAIEATPA,0
LEVLLGSG,0
LQVNIGNR,1
MQVNIGNR,1
MVGKVTVN,0
NAGDVAFV,1
NFAAILSS,1
NFGAALSS,1
NFGAIASS,1
NFGAILSS,1
NFGSVQFV,1
PKIKAFLA,0
SELNIYQY,1
SNNFGAIL,1
SNTFINNA,1
TNVGSNTY,1
VQVNIGNR,1
YHIRLSFN,1
ATQRLANFL,1
HQKLVFFAE,0
KKKVQIVYK,1
KKLPFFAED,0
KKLVFFAED,1
KKLVFFPED,1
KKLVFPAED,0
KKLVPFAED,0
KKPVFFAED,0
LATVYVDVL,1
LVEALYLVC,1
NAKAGLSQT,0
NFLVHSSNN,1
PAGGYYQNY,1
PQGGYQQYN,1
PSKARIIRY,0
QQGGYQQYN,1
QRLANFLVH,1
QTAPVPMPD,0
RQGNINIVA,1
SLYQLENYC,1
VDLSKVTSK,0
VGGAVVTGV,1
VTLDTKGTY,0
AAAGAVVGGL,0
ADAVACAKRV,0
AESDKKEEEK,0
AFASFQIYAV,1
AGYQQQYNPQ,0
ATKKVGTKPA,0
CAKRVVRDPQ,0
CLAKWESGYN,0
CNDGKTPGAV,0
CPLMVKVLDA,1
DIQKVAGTWY,1
DKKEEEKSAE,0
DLLKNGERIE,0
DLSFSKDWSF,1
DVKVGDIVIF,1
DVRQYVQGCG,0
EDRYYRENMH,0
EEEKSAETKE,0
EEKPVQTEEK,0
EEPVKKEEKP,0
EKSELPKVED,0
ELKPLAQSHA,0
ELLNAPGETY,0
ELPKVEDLKI,0
ENFTETDVKM,0
EPTKEPTKVE,0
EQMCITQYER,0
ESGYNTRATN,0
ESQAYYQRGS,0
ETKEPTKEPT,0
FGSDYEDRYY,0
GERIEKVEHS,0
GGKDWWKVGG,0
GGYMLGSAMS,0
GGYYQNYQGY,1
GIFQINSRYW,0
GIKLANATKK,0
GIRAWVAWRN,0
GNNQQNYQQY,1
GSAMSRPIIH,0
GTDFKYKGKL,0
GYLTVAAVFR,1
HMAGAAAAGA,0
HPAENGKSNF,0
HSQWNKPSKP,0
ILLISFLIFL,1
IVAGVNYFLD,1
KDWSFYLLYY,1
KEPTKVEEPV,0
KLVSSSGIKL,0
KNNAGFPHNV,0
KPKKTLKLVS,0
KPSKPKTNMK,0
KSAETKEPTK,0
KTEEKSELPK,0
KTLKLVSSSG,0
KTNMKHMAGA,0
KVEHSDLSFS,0
KVGTKPAESD,0
KYLLFCMENS,1
LANATKKVGT,0
LANWMCLAKW,1
LGMDGYRGIS,0
LNCYVSGFHP,0
LQDNIADAVA,0
MDEYSNQNNF,0
MERVVEQMCI,0
NACHLSCSAL,0
NDFQKQQKQA,1
NFNYNNNLQG,1
NHVTLSQPKI,0
NITIKQHTVT,0
NLQGYQAGFQ,1
NQNNFVHDCV,0
NSRYWCNDGK,0
PDAGYQQQYN,1
PGGGKVYKPV,0
PQGGRGNYKN,1
PQGGYQQQFN,1
PVQTEEKTEE,0
QGGGTHSQWN,0
QGGYQQYNPQ,0
QHTVTTTTKG,0
QQQYNPQGGY,0
QVYSRHPAEN,0
RCELARTLKR,1
RCQNRDVRQY,0
RENMHRYPNQ,0
RLANFLVHSS,1
RSTDYGIFQI,0
RTLKRLGMDG,0
RTPKIQVYSR,0
RYPNQVYYRP,0
RYQGYQAYNA,1
SCSALLQDNI,0
SDIEVDLLKN,0
SEFSVPSGEK,0
SGFHPSDIEV,0
SLVFVPSEFS,0
SMVLFSSPPV,1
SNNFGAILSS,1
SSPPVILLIS,1
SSSGIKLANA,0
SSTSAASSNY,1
TDVKMMERVV,0
TEEKTEEKSE,0
TEFTPTEKDE,1
TEKDEYACRV,0
TKPAESDKKE,0
TKVEEPVKKE,0
TPGAVNACHL,0
TQYERESQAY,0
TRATNYNAGD,0
TTTKGENFTE,0
VAWRNRCQNR,0
VHDCVNITIK,1
VKKEEKPVQT,0
VRDPQGIRAW,0
VVGGLGGYML,0
VYYRPMDEYS,0
YACRVNHVTL,0
YLLYYTEFTP,1
YNAGDRSTDY,0
YNNNLQGYQA,1
YNPQGGYQQQ,0
YNPQGGYQQY,0
YQNYQGYSGY,1
YQQGGYQQYN,1
YQQYNPQGGY,0
YQRGSSMVLF,0
YRGISLANWM,0
YSGYQQGGYQ,1
YSQNGNQQQG,1
